step,mean_reward,mean_sub,implied_level
2000,99.89334106445312,50.0,-0.0
4000,99.90715026855469,50.0,-0.0
6000,99.29798126220703,50.0,-0.0
8000,99.76956176757812,50.0,-0.0
10000,99.28578186035156,50.0,-0.0
12000,99.10005187988281,50.0,-0.0
14000,100.0,50.0,-0.0
16000,99.86117553710938,50.0,-0.0
18000,99.97325134277344,50.0,-0.0
20000,99.55120849609375,50.0,-0.0
22000,99.75720977783203,50.0,-0.0
24000,99.89098358154297,50.0,-0.0
26000,99.9158935546875,50.0,-0.0
28000,99.7805404663086,50.0,-0.0
30000,99.88591766357422,50.0,-0.0
32000,99.82508850097656,50.0,-0.0
34000,99.85122680664062,50.0,-0.0
36000,99.98359680175781,50.0,-0.0
38000,99.81452941894531,50.0,-0.0
40000,98.66464233398438,50.0,-0.0
42000,99.96637725830078,50.0,-0.0
44000,99.84774017333984,50.0,-0.0
46000,99.83451843261719,50.0,-0.0
48000,99.75297546386719,50.0,-0.0
50000,99.19373321533203,50.0,-0.0
52000,99.54179382324219,50.0,-0.0
54000,100.0,50.0,-0.0
56000,99.54793548583984,50.0,-0.0
58000,99.96977996826172,50.0,-0.0
60000,99.6613998413086,50.0,-0.0
62000,99.92664337158203,50.0,-0.0
64000,99.12150573730469,50.0,-0.0
66000,99.7850570678711,50.0,-0.0
68000,99.75463104248047,50.0,-0.0
70000,99.86417388916016,50.0,-0.0
72000,99.93148040771484,50.0,-0.0
74000,99.76551818847656,50.0,-0.0
76000,100.0,50.0,-0.0
78000,99.51115417480469,50.0,-0.0
80000,99.93291473388672,50.0,-0.0
82000,99.8763198852539,50.0,-0.0
84000,99.92347717285156,50.0,-0.0
86000,99.73001861572266,50.0,-0.0
88000,99.4630355834961,50.0,-0.0
90000,99.29553985595703,50.0,-0.0
92000,99.80593872070312,50.0,-0.0
94000,99.32466888427734,50.0,-0.0
96000,99.74403381347656,50.0,-0.0
98000,99.67025756835938,50.0,-0.0
100000,99.94090270996094,50.0,-0.0
102000,99.80262756347656,50.0,-0.0
104000,98.9802474975586,50.0,-0.0
106000,100.0,50.0,-0.0
108000,99.5893325805664,50.0,-0.0
110000,100.0,50.0,-0.0
2000,99.89334106445312,50.0,-0.0
4000,99.90715026855469,50.0,-0.0
6000,99.29798126220703,50.0,-0.0
8000,99.76956176757812,50.0,-0.0
10000,99.28578186035156,50.0,-0.0
12000,99.10005187988281,50.0,-0.0
14000,100.0,50.0,-0.0
16000,99.86117553710938,50.0,-0.0
18000,99.97325134277344,50.0,-0.0
20000,99.55120849609375,50.0,-0.0
22000,99.75720977783203,50.0,-0.0
24000,99.89098358154297,50.0,-0.0
26000,99.9158935546875,50.0,-0.0
28000,99.7805404663086,50.0,-0.0
30000,99.88591766357422,50.0,-0.0
32000,99.82508850097656,50.0,-0.0
34000,99.85122680664062,50.0,-0.0
36000,99.98359680175781,50.0,-0.0
38000,99.81452941894531,50.0,-0.0
40000,98.66464233398438,50.0,-0.0
42000,99.96637725830078,50.0,-0.0
44000,99.84774017333984,50.0,-0.0
46000,99.83451843261719,50.0,-0.0
48000,99.75297546386719,50.0,-0.0
50000,99.19373321533203,50.0,-0.0
52000,99.54179382324219,50.0,-0.0
54000,100.0,50.0,-0.0
56000,99.54793548583984,50.0,-0.0
58000,99.96977996826172,50.0,-0.0
60000,99.6613998413086,50.0,-0.0
62000,99.92664337158203,50.0,-0.0
64000,99.12150573730469,50.0,-0.0
66000,99.7850570678711,50.0,-0.0
68000,99.75463104248047,50.0,-0.0
70000,99.86417388916016,50.0,-0.0
72000,99.93148040771484,50.0,-0.0
74000,99.76551818847656,50.0,-0.0
76000,100.0,50.0,-0.0
78000,99.51115417480469,50.0,-0.0
80000,99.93291473388672,50.0,-0.0
82000,99.8763198852539,50.0,-0.0
84000,99.92347717285156,50.0,-0.0
86000,99.73001861572266,50.0,-0.0
88000,99.4630355834961,50.0,-0.0
90000,99.29553985595703,50.0,-0.0
92000,99.80593872070312,50.0,-0.0
94000,99.32466888427734,50.0,-0.0
96000,99.74403381347656,50.0,-0.0
98000,99.67025756835938,50.0,-0.0
100000,99.94090270996094,50.0,-0.0
102000,99.80262756347656,50.0,-0.0
104000,98.9802474975586,50.0,-0.0
106000,100.0,50.0,-0.0
108000,99.5893325805664,50.0,-0.0
110000,100.0,50.0,-0.0
2000,99.89334106445312,50.0,-0.0
4000,99.90274047851562,50.0,-0.0
6000,99.29238891601562,50.0,-0.0
8000,99.77073669433594,50.0,-0.0
10000,99.29288482666016,50.0,-0.0
12000,99.09527587890625,50.0,-0.0
14000,100.0,50.0,-0.0
16000,99.86761474609375,50.0,-0.0
18000,99.95914459228516,50.0,-0.0
20000,99.54632568359375,50.0,-0.0
22000,99.74534606933594,50.0,-0.0
24000,99.85995483398438,50.0,-0.0
26000,99.91459655761719,50.0,-0.0
28000,99.77946472167969,50.0,-0.0
30000,99.88624572753906,50.0,-0.0
32000,99.82183074951172,50.0,-0.0
34000,99.84526824951172,50.0,-0.0
36000,99.98310089111328,50.0,-0.0
38000,99.82002258300781,50.0,-0.0
40000,98.6646499633789,50.0,-0.0
42000,99.96481323242188,50.0,-0.0
44000,99.83348083496094,50.0,-0.0
46000,99.82466888427734,50.0,-0.0
48000,99.74046325683594,50.0,-0.0
50000,99.17886352539062,50.0,-0.0
52000,99.54273986816406,50.0,-0.0
54000,100.0,50.0,-0.0
56000,99.54653930664062,50.0,-0.0
58000,99.93858337402344,50.0,-0.0
60000,99.66521453857422,50.0,-0.0
62000,99.93347930908203,50.0,-0.0
64000,99.10856628417969,50.0,-0.0
66000,99.78224182128906,50.0,-0.0
68000,99.76795196533203,50.0,-0.0
70000,99.8649673461914,50.0,-0.0
72000,99.93406677246094,50.0,-0.0
74000,99.75650024414062,50.0,-0.0
76000,100.0,50.0,-0.0
78000,99.50879669189453,50.0,-0.0
80000,99.92867279052734,50.0,-0.0
82000,99.87582397460938,50.0,-0.0
84000,99.92520904541016,50.0,-0.0
86000,99.73367309570312,50.0,-0.0
88000,99.47026062011719,50.0,-0.0
90000,99.32162475585938,50.0,-0.0
92000,99.80693817138672,50.0,-0.0
94000,99.32833099365234,50.0,-0.0
96000,99.73906707763672,50.0,-0.0
98000,99.65433502197266,50.0,-0.0
100000,99.93955993652344,50.0,-0.0
102000,99.79829406738281,50.0,-0.0
104000,98.97730255126953,50.0,-0.0
106000,100.0,50.0,-0.0
108000,99.588623046875,50.0,-0.0
110000,100.0,50.0,-0.0
112000,99.73018646240234,50.0,-0.0
114000,99.7008056640625,50.0,-0.0
116000,99.54608154296875,50.0,-0.0
118000,99.46578216552734,50.0,-0.0
120000,99.3408203125,50.0,-0.0
122000,99.76078796386719,50.0,-0.0
124000,99.45787811279297,50.0,-0.0
126000,99.85487365722656,50.0,-0.0
128000,99.68885803222656,50.0,-0.0
130000,99.88209533691406,50.0,-0.0
132000,99.99935913085938,50.0,-0.0
134000,99.76734161376953,50.0,-0.0
136000,99.69459533691406,50.0,-0.0
138000,99.07662200927734,50.0,-0.0
140000,99.90967559814453,50.0,-0.0
142000,99.91870880126953,50.0,-0.0
144000,99.35026550292969,50.0,-0.0
146000,99.9018783569336,50.0,-0.0
148000,100.0,50.0,-0.0
150000,99.95647430419922,50.0,-0.0
152000,99.74002075195312,50.0,-0.0
154000,100.0,50.0,-0.0
156000,99.57308959960938,50.0,-0.0
158000,100.0,50.0,-0.0
160000,99.6503677368164,50.0,-0.0
162000,99.69744873046875,50.0,-0.0
164000,99.82534790039062,50.0,-0.0
166000,99.96148681640625,50.0,-0.0
168000,99.73731231689453,50.0,-0.0
170000,99.8318862915039,50.0,-0.0
172000,99.77235412597656,50.0,-0.0
174000,100.0,50.0,-0.0
176000,99.6130599975586,50.0,-0.0
178000,99.98920440673828,50.0,-0.0
180000,99.9085922241211,50.0,-0.0
182000,99.44145202636719,50.0,-0.0
184000,99.5603256225586,50.0,-0.0
186000,99.45014190673828,50.0,-0.0
188000,99.9744644165039,50.0,-0.0
190000,98.46014404296875,50.0,-0.0
192000,99.58544921875,50.0,-0.0
194000,99.88947296142578,50.0,-0.0
196000,99.9578628540039,50.0,-0.0
198000,100.0,50.0,-0.0
200000,99.84265899658203,50.0,-0.0
