agent_id,step,n_episodes,survival_rate,wipe_rate,corner_rate,avg_duration,avg_reward
1,5000,5000,0.1964,0.0344,0.0,1.5,-7.9663
1,10000,5000,0.2746,0.0424,0.0,2.12,-7.115
1,15000,5000,0.5092,0.0466,0.0,5.56,-4.401
1,20000,5000,0.6912,0.0316,0.0,17.55,-1.3637
1,25000,5000,0.8174,0.0194,0.0,39.12,2.0675
1,30000,5000,0.9054,0.0102,0.0,59.73,5.0173
1,35000,5000,0.945,0.0058,0.0,79.35,7.3796
1,40000,5000,0.9386,0.0054,0.0,80.87,7.4672
1,45000,5000,0.9566,0.0034,0.0,87.22,8.284
1,50000,5000,0.9592,0.0016,0.0,92.81,8.8689
1,55000,5000,0.961,0.0014,0.0,93.14,8.9203
1,60000,5000,0.9732,0.0004,0.0,97.63,9.4921
1,65000,5000,0.97,0.0008,0.0,95.24,9.2208
1,70000,5000,0.9758,0.0014,0.0,95.56,9.3121
1,75000,5000,0.9764,0.0008,0.0,95.55,9.3166
1,80000,5000,0.9718,0.0006,0.0,96.13,9.3285
1,85000,5000,0.9694,0.0006,0.0,96.04,9.2953
1,90000,5000,0.9456,0.0008,0.0,92.46,8.6965
1,95000,5000,0.9558,0.0018,0.0,91.28,8.6817
1,100000,5000,0.9656,0.0012,0.0,93.05,8.9578
1,105000,5000,0.9728,0.0008,0.0,95.77,9.302
1,110000,5000,0.9586,0.0006,0.0,95.75,9.1565
1,115000,5000,0.9754,0.0002,0.0,98.0,9.5511
1,120000,5000,0.9758,0.001,0.0,95.11,9.2668
1,125000,5000,0.9706,0.0006,0.0,96.81,9.3844
1,130000,5000,0.9778,0.0002,0.0,98.54,9.6297
1,135000,5000,0.9664,0.0016,0.0,93.18,8.9785
1,140000,5000,0.969,0.0014,0.0,94.44,9.1309
1,145000,5000,0.9714,0.0002,0.0,97.75,9.486
1,150000,5000,0.9692,0.0,0.0,97.91,9.4798
1,155000,5000,0.9634,0.0002,0.0,97.33,9.363
1,160000,5000,0.9676,0.0012,0.0,94.95,9.1679
1,165000,5000,0.969,0.0006,0.0,97.92,9.4789
1,170000,5000,0.9722,0.0002,0.0,98.43,9.5625
1,175000,5000,0.9838,0.001,0.0,96.83,9.5253
1,180000,5000,0.9776,0.0008,0.0,94.92,9.2654
1,185000,5000,0.9726,0.0006,0.0,96.07,9.3304
1,190000,5000,0.963,0.0002,0.0,96.74,9.3006
1,195000,5000,0.9728,0.0,0.0,98.26,9.5508
1,200000,5000,0.9584,0.0004,0.0,96.5,9.2294
1,205000,5000,0.9592,0.0004,0.0,95.26,9.114
1,210000,5000,0.9746,0.0002,0.0,97.5,9.4934
1,215000,5000,0.966,0.0004,0.0,96.05,9.2616
1,220000,5000,0.969,0.0002,0.0,97.73,9.4594
1,225000,5000,0.9726,0.0002,0.0,98.08,9.5312
1,230000,5000,0.9744,0.0,0.0,98.9,9.6315
1,235000,5000,0.9796,0.0004,0.0,96.55,9.4485
1,240000,5000,0.9648,0.0004,0.0,97.48,9.392
1,245000,5000,0.955,0.0002,0.0,96.65,9.2102
1,250000,5000,0.9748,0.0,0.0,98.14,9.5595
1,255000,5000,0.9556,0.0,0.0,96.84,9.2361
1,260000,5000,0.977,0.0002,0.0,98.13,9.5809
1,265000,5000,0.9632,0.0,0.0,97.19,9.3476
1,270000,5000,0.9822,0.0002,0.0,98.02,9.6222
1,275000,5000,0.9748,0.0,0.0,99.05,9.6504
1,280000,5000,0.9768,0.0,0.0,97.9,9.5558
1,285000,5000,0.9738,0.0002,0.0,98.27,9.5621
1,290000,5000,0.9828,0.0,0.0,100.27,9.8537
1,295000,5000,0.974,0.0,0.0,97.68,9.5056
1,300000,5000,0.9696,0.0,0.0,97.75,9.4681
2,5000,5000,0.2002,0.029,0.0,1.52,-7.9259
2,10000,5000,0.217,0.028,0.0,1.72,-7.7367
2,15000,5000,0.4096,0.0338,0.0,3.93,-5.5698
2,20000,5000,0.5814,0.028,0.0,10.11,-3.2168
2,25000,5000,0.7786,0.016,0.0,34.48,1.2118
2,30000,5000,0.8822,0.0114,0.0,55.47,4.3571
2,35000,5000,0.9296,0.0064,0.0,73.96,6.6851
2,40000,5000,0.9208,0.0056,0.0,72.69,6.469
2,45000,5000,0.914,0.0056,0.0,69.13,6.0443
2,50000,5000,0.9636,0.0024,0.0,89.91,8.6238
2,55000,5000,0.9494,0.0046,0.0,81.84,7.6727
2,60000,5000,0.9686,0.001,0.0,88.51,8.5343
2,65000,5000,0.9544,0.0016,0.0,90.31,8.5705
2,70000,5000,0.9644,0.0012,0.0,93.08,8.9486
2,75000,5000,0.9616,0.0012,0.0,93.63,8.9749
2,80000,5000,0.9648,0.0004,0.0,93.81,9.025
2,85000,5000,0.9678,0.0006,0.0,97.42,9.4166
2,90000,5000,0.9662,0.0006,0.0,94.08,9.0662
2,95000,5000,0.9718,0.0006,0.0,96.11,9.3448
2,100000,5000,0.9696,0.0004,0.0,97.54,9.4474
2,105000,5000,0.966,0.0,0.0,97.49,9.4055
2,110000,5000,0.9704,0.0004,0.0,97.08,9.4094
2,115000,5000,0.9596,0.0004,0.0,95.05,9.0967
2,120000,5000,0.9672,0.0004,0.0,95.85,9.2538
2,125000,5000,0.97,0.0,0.0,98.14,9.5111
2,130000,5000,0.9624,0.0004,0.0,97.05,9.3254
2,135000,5000,0.966,0.0,0.0,97.06,9.3626
2,140000,5000,0.9764,0.0008,0.0,96.24,9.3856
2,145000,5000,0.9736,0.0004,0.0,97.31,9.4644
2,150000,5000,0.9804,0.0004,0.0,98.31,9.633
2,155000,5000,0.9778,0.0002,0.0,98.41,9.6169
2,160000,5000,0.9616,0.0,0.0,97.07,9.319
2,165000,5000,0.9792,0.0004,0.0,99.0,9.6902
2,170000,5000,0.9824,0.0,0.0,99.43,9.7653
2,175000,5000,0.967,0.0002,0.0,97.48,9.4152
2,180000,5000,0.9588,0.0,0.0,96.63,9.2472
2,185000,5000,0.9692,0.0,0.0,98.31,9.5198
2,190000,5000,0.9692,0.0,0.0,97.52,9.4411
2,195000,5000,0.9624,0.0,0.0,97.44,9.3639
2,200000,5000,0.9738,0.0002,0.0,97.67,9.5022
2,205000,5000,0.97,0.0004,0.0,97.76,9.4726
2,210000,5000,0.9692,0.0004,0.0,97.25,9.4142
2,215000,5000,0.971,0.0002,0.0,98.58,9.565
2,220000,5000,0.966,0.0004,0.0,97.4,9.3969
2,225000,5000,0.957,0.0002,0.0,95.96,9.1615
2,230000,5000,0.972,0.0,0.0,96.92,9.4093
2,235000,5000,0.9604,0.0,0.0,96.93,9.2928
2,240000,5000,0.9684,0.0,0.0,97.16,9.3973
2,245000,5000,0.971,0.0002,0.0,98.42,9.5489
2,250000,5000,0.987,0.0002,0.0,98.72,9.7407
2,255000,5000,0.9768,0.0,0.0,98.08,9.574
2,260000,5000,0.9728,0.0004,0.0,98.04,9.5292
2,265000,5000,0.976,0.0,0.0,98.8,9.6378
2,270000,5000,0.961,0.0002,0.0,96.95,9.3016
2,275000,5000,0.9732,0.0,0.0,98.72,9.6016
2,280000,5000,0.9756,0.0,0.0,98.67,9.6208
2,285000,5000,0.9756,0.0,0.0,98.01,9.5565
2,290000,5000,0.97,0.0,0.0,97.94,9.4911
2,295000,5000,0.975,0.0002,0.0,98.78,9.6256
2,300000,5000,0.9808,0.0,0.0,99.24,9.7305
3,5000,5000,0.206,0.0208,0.0,1.59,-7.8603
3,10000,5000,0.2324,0.0246,0.0,1.82,-7.5712
3,15000,5000,0.3816,0.023,0.0,3.96,-5.8501
3,20000,5000,0.6026,0.0194,0.0,14.25,-2.5896
3,25000,5000,0.7652,0.0112,0.0,41.15,1.8277
3,30000,5000,0.862,0.0072,0.0,49.78,3.5841
3,35000,5000,0.934,0.0022,0.0,80.09,7.342
3,40000,5000,0.953,0.002,0.0,82.51,7.7767
3,45000,5000,0.9414,0.0014,0.0,89.95,8.403
3,50000,5000,0.9556,0.0016,0.0,87.6,8.4472
3,55000,5000,0.9504,0.0032,0.0,84.16,7.9153
3,60000,5000,0.9574,0.0014,0.0,93.12,8.8816
3,65000,5000,0.9594,0.0006,0.0,93.27,8.9165
3,70000,5000,0.9498,0.0014,0.0,90.24,8.5173
3,75000,5000,0.957,0.001,0.0,93.9,8.9552
3,80000,5000,0.9794,0.001,0.0,95.85,9.576
3,85000,5000,0.9652,0.0008,0.0,96.3,9.2789
3,90000,5000,0.9628,0.0004,0.0,95.5,9.1738
3,95000,5000,0.9702,0.0006,0.0,95.47,9.2459
3,100000,5000,0.9776,0.0012,0.0,96.35,9.4092
3,105000,5000,0.969,0.0002,0.0,96.59,9.3457
3,110000,5000,0.9786,0.0002,0.0,97.5,9.5341
3,115000,5000,0.9622,0.0006,0.0,96.69,9.2868
3,120000,5000,0.9576,0.0008,0.0,93.56,8.9446
3,125000,5000,0.9626,0.0006,0.0,95.66,9.1883
3,130000,5000,0.9662,0.0002,0.0,97.7,9.429
3,135000,5000,0.967,0.0002,0.0,96.75,9.3417
3,140000,5000,0.9598,0.0002,0.0,96.07,9.2012
3,145000,5000,0.9774,0.0002,0.0,98.02,9.6349
3,150000,5000,0.9546,0.0006,0.0,95.85,9.1264
3,155000,5000,0.9624,0.0008,0.0,95.61,9.1814
3,160000,5000,0.9702,0.0002,0.0,97.48,9.4466
3,165000,5000,0.9732,0.0,0.0,97.21,9.4554
3,170000,5000,0.9552,0.0004,0.0,94.71,9.0188
3,175000,5000,0.965,0.0002,0.0,96.41,9.2879
3,180000,5000,0.9692,0.0004,0.0,95.82,9.2708
3,185000,5000,0.9772,0.0,0.0,98.94,9.6685
3,190000,5000,0.9724,0.0,0.0,97.71,9.49
3,195000,5000,0.9682,0.0002,0.0,97.59,9.4379
3,200000,5000,0.972,0.0,0.0,97.91,9.5083
3,205000,5000,0.9598,0.0002,0.0,97.03,9.297
3,210000,5000,0.9716,0.0,0.0,97.52,9.4654
3,215000,5000,0.957,0.0002,0.0,96.25,9.1905
3,220000,5000,0.9742,0.0006,0.0,96.51,9.39
3,225000,5000,0.9738,0.0002,0.0,98.42,9.5774
3,230000,5000,0.9728,0.0004,0.0,96.7,9.3948
3,235000,5000,0.9702,0.001,0.0,95.45,9.2439
3,240000,5000,0.964,0.0004,0.0,95.53,9.1891
3,245000,5000,0.9726,0.0002,0.0,96.93,9.416
3,250000,5000,0.969,0.0006,0.0,97.15,9.4015
3,255000,5000,0.9702,0.0,0.0,97.8,9.4787
3,260000,5000,0.9636,0.0002,0.0,95.59,9.1912
3,265000,5000,0.9748,0.0,0.0,97.86,9.5315
3,270000,5000,0.9686,0.0006,0.0,94.89,9.172
3,275000,5000,0.952,0.0004,0.0,93.83,8.8983
3,280000,5000,0.9662,0.0002,0.0,97.48,9.4068
3,285000,5000,0.9862,0.0002,0.0,98.05,9.6653
3,290000,5000,0.9706,0.0002,0.0,96.51,9.354
3,295000,5000,0.967,0.0006,0.0,95.36,9.2028
3,300000,5000,0.9756,0.0004,0.0,96.85,9.4387
4,5000,5000,0.2014,0.0224,0.0,1.58,-7.9077
4,10000,5000,0.2612,0.0226,0.0,1.99,-7.2627
4,15000,5000,0.4314,0.021,0.0,4.31,-5.3125
4,20000,5000,0.6566,0.0174,0.0,12.04,-2.2646
4,25000,5000,0.8112,0.0112,0.0,33.04,1.3976
4,30000,5000,0.8778,0.0058,0.0,54.47,4.2126
4,35000,5000,0.9334,0.003,0.0,73.55,6.6823
4,40000,5000,0.9478,0.003,0.0,78.98,7.3707
4,45000,5000,0.9498,0.0022,0.0,85.42,8.0353
4,50000,5000,0.9566,0.001,0.0,89.77,8.5391
4,55000,5000,0.958,0.0012,0.0,90.69,8.6449
4,60000,5000,0.9566,0.0002,0.0,92.12,8.7737
4,65000,5000,0.9562,0.0006,0.0,91.19,8.6762
4,70000,5000,0.9586,0.0006,0.0,94.09,8.9905
4,75000,5000,0.9726,0.0006,0.0,93.74,9.0969
4,80000,5000,0.9658,0.0002,0.0,94.28,9.0825
4,85000,5000,0.9704,0.0,0.0,96.44,9.345
4,90000,5000,0.9634,0.0002,0.0,95.14,9.1446
4,95000,5000,0.9768,0.0,0.0,96.14,9.3793
4,100000,5000,0.9762,0.0002,0.0,97.77,9.5363
4,105000,5000,0.977,0.0002,0.0,96.26,9.3933
4,110000,5000,0.9732,0.0004,0.0,95.2,9.2492
4,115000,5000,0.983,0.0002,0.0,96.68,9.4999
4,120000,5000,0.9666,0.0004,0.0,95.78,9.241
4,125000,5000,0.9728,0.0006,0.0,94.21,9.1465
4,130000,5000,0.9608,0.0004,0.0,94.79,9.0835
4,135000,5000,0.976,0.0004,0.0,94.68,9.2251
4,140000,5000,0.964,0.0,0.0,97.4,9.376
4,145000,5000,0.9748,0.0,0.0,96.88,9.433
4,150000,5000,0.9664,0.0,0.0,97.61,9.4214
4,155000,5000,0.9608,0.0004,0.0,94.38,9.042
4,160000,5000,0.9694,0.0006,0.0,97.36,9.4273
4,165000,5000,0.9716,0.0,0.0,97.74,9.4869
4,170000,5000,0.9756,0.0004,0.0,97.34,9.4878
4,175000,5000,0.9718,0.0002,0.0,97.66,9.4809
4,180000,5000,0.9624,0.0004,0.0,94.96,9.1161
4,185000,5000,0.9638,0.0002,0.0,96.81,9.315
4,190000,5000,0.959,0.001,0.0,91.68,8.7535
4,195000,5000,0.9786,0.0002,0.0,97.62,9.546
4,200000,5000,0.9744,0.0004,0.0,97.66,9.5076
4,205000,5000,0.9638,0.0002,0.0,97.44,9.3783
4,210000,5000,0.9598,0.0002,0.0,95.13,9.1073
4,215000,5000,0.9728,0.0,0.0,98.24,9.5492
4,220000,5000,0.9736,0.0004,0.0,96.79,9.4128
4,225000,5000,0.9712,0.0,0.0,97.72,9.481
4,230000,5000,0.9624,0.0004,0.0,94.94,9.1122
4,235000,5000,0.9704,0.0004,0.0,96.98,9.3992
4,240000,5000,0.9656,0.0,0.0,97.12,9.3647
4,245000,5000,0.9676,0.0004,0.0,95.86,9.2588
4,250000,5000,0.9792,0.0004,0.0,98.16,9.6056
4,255000,5000,0.9636,0.0004,0.0,97.16,9.3489
4,260000,5000,0.9724,0.0,0.0,97.48,9.4696
4,265000,5000,0.973,0.0002,0.0,98.59,9.5863
4,270000,5000,0.9662,0.0006,0.0,97.75,9.4337
4,275000,5000,0.966,0.0,0.0,95.68,9.2249
4,280000,5000,0.9744,0.0,0.0,98.45,9.5864
4,285000,5000,0.9704,0.0,0.0,97.25,9.4549
4,290000,5000,0.9676,0.0,0.0,96.76,9.3487
4,295000,5000,0.9678,0.0002,0.0,98.01,9.4757
4,300000,5000,0.9818,0.0002,0.0,98.32,9.648
5,5000,5000,0.1976,0.0142,0.0,1.61,-7.9431
5,10000,5000,0.3042,0.0144,0.0,2.81,-6.7465
5,15000,5000,0.5686,0.0138,0.0,9.42,-3.4156
5,20000,5000,0.691,0.0082,0.0,21.54,-0.9674
5,25000,5000,0.848,0.0056,0.0,47.63,3.2295
5,30000,5000,0.9128,0.0028,0.0,69.06,6.0253
5,35000,5000,0.944,0.0016,0.0,83.26,7.7601
5,40000,5000,0.9628,0.0008,0.0,92.53,8.8773
5,45000,5000,0.9646,0.0006,0.0,95.26,9.1684
5,50000,5000,0.9506,0.0002,0.0,92.34,8.7352
5,55000,5000,0.9558,0.0006,0.0,91.88,8.7776
5,60000,5000,0.967,0.0002,0.0,94.97,9.1641
5,65000,5000,0.9488,0.0,0.0,93.68,8.8512
5,70000,5000,0.9686,0.0002,0.0,97.85,9.4676
5,75000,5000,0.9554,0.001,0.0,91.23,8.6721
5,80000,5000,0.9718,0.0002,0.0,97.97,9.5124
5,85000,5000,0.9578,0.0002,0.0,95.61,9.1348
5,90000,5000,0.9718,0.0002,0.0,98.13,9.528
5,95000,5000,0.9712,0.0,0.0,98.09,9.5181
5,100000,5000,0.9654,0.0002,0.0,94.64,9.1142
5,105000,5000,0.9644,0.0008,0.0,97.28,9.3684
5,110000,5000,0.9682,0.0002,0.0,96.95,9.3741
5,115000,5000,0.9634,0.0006,0.0,92.43,8.873
5,120000,5000,0.9604,0.0004,0.0,93.47,8.9467
5,125000,5000,0.949,0.001,0.0,92.4,8.7246
5,130000,5000,0.9654,0.0004,0.0,90.11,8.6618
5,135000,5000,0.976,0.0006,0.0,94.05,9.1626
5,140000,5000,0.9642,0.0006,0.0,95.05,9.1433
5,145000,5000,0.964,0.0,0.0,97.33,9.3699
5,150000,5000,0.9628,0.0004,0.0,95.61,9.185
5,155000,5000,0.965,0.0002,0.0,94.98,9.1445
5,160000,5000,0.9624,0.0004,0.0,94.9,9.1103
5,165000,5000,0.9636,0.0,0.0,96.94,9.3241
5,170000,5000,0.966,0.0,0.0,97.57,9.414
5,175000,5000,0.9712,0.0,0.0,98.1,9.519
5,180000,5000,0.96,0.0004,0.0,94.44,9.0402
5,185000,5000,0.9676,0.0004,0.0,96.48,9.3209
5,190000,5000,0.9756,0.0004,0.0,97.26,9.4855
5,195000,5000,0.9696,0.0,0.0,97.58,9.4513
5,200000,5000,0.9686,0.0002,0.0,97.03,9.4892
5,205000,5000,0.97,0.0004,0.0,95.81,9.2781
5,210000,5000,0.9692,0.0,0.0,98.07,9.4956
5,215000,5000,0.964,0.0004,0.0,96.03,9.2392
5,220000,5000,0.9516,0.0,0.0,95.04,9.0154
5,225000,5000,0.9788,0.0004,0.0,96.3,9.4164
5,230000,5000,0.9794,0.0002,0.0,96.3,9.4219
5,235000,5000,0.979,0.0002,0.0,97.99,9.5871
5,240000,5000,0.971,0.0002,0.0,97.86,9.5959
5,245000,5000,0.9798,0.0002,0.0,99.07,9.7026
5,250000,5000,0.9726,0.0006,0.0,97.01,9.4246
5,255000,5000,0.9746,0.0002,0.0,95.18,9.2617
5,260000,5000,0.9552,0.0004,0.0,95.35,9.0827
5,265000,5000,0.97,0.0004,0.0,92.27,8.9236
5,270000,5000,0.972,0.0,0.0,97.54,9.471
5,275000,5000,0.9656,0.0,0.0,97.52,9.4044
5,280000,5000,0.9684,0.0004,0.0,97.41,9.4221
5,285000,5000,0.9778,0.0002,0.0,96.8,9.4554
5,290000,5000,0.9654,0.0002,0.0,96.43,9.2932
5,295000,5000,0.9612,0.0,0.0,93.0,8.9079
5,300000,5000,0.956,0.0004,0.0,93.34,8.8896
6,5000,5000,0.2096,0.0142,0.0,1.64,-7.8189
6,10000,5000,0.253,0.0134,0.0,2.13,-7.3316
6,15000,5000,0.4006,0.0112,0.0,4.54,-5.6
6,20000,5000,0.5896,0.0096,0.0,11.59,-2.9855
6,25000,5000,0.7572,0.0088,0.0,27.47,0.2946
6,30000,5000,0.8592,0.0054,0.0,47.92,3.3702
6,35000,5000,0.8888,0.0018,0.0,56.22,4.4984
6,40000,5000,0.9232,0.0016,0.0,71.55,6.3791
6,45000,5000,0.9436,0.0,0.0,85.41,7.9716
6,50000,5000,0.958,0.0004,0.0,87.34,8.3321
6,55000,5000,0.9566,0.0002,0.0,88.32,8.3935
6,60000,5000,0.958,0.0004,0.0,93.29,8.9044
6,65000,5000,0.9618,0.0002,0.0,93.12,8.9263
6,70000,5000,0.9594,0.0006,0.0,95.2,9.1098
6,75000,5000,0.9786,0.0002,0.0,98.01,9.7462
6,80000,5000,0.968,0.0004,0.0,96.65,9.3415
6,85000,5000,0.9648,0.0,0.0,94.02,9.0464
6,90000,5000,0.9664,0.0,0.0,95.64,9.2246
6,95000,5000,0.9552,0.0004,0.0,92.72,8.8191
6,100000,5000,0.9666,0.0002,0.0,96.3,9.2928
6,105000,5000,0.9788,0.0,0.0,99.05,9.6913
6,110000,5000,0.9786,0.0006,0.0,97.25,9.5091
6,115000,5000,0.9646,0.0002,0.0,93.8,9.0403
6,120000,5000,0.9626,0.0002,0.0,94.74,9.0965
6,125000,5000,0.9714,0.0002,0.0,98.01,9.5125
6,130000,5000,0.9622,0.0006,0.0,95.05,9.1235
6,135000,5000,0.9594,0.0002,0.0,96.9,9.2796
6,140000,5000,0.9694,0.0002,0.0,95.51,9.2419
6,145000,5000,0.9578,0.0002,0.0,93.47,8.9206
6,150000,5000,0.9712,0.0,0.0,96.97,9.4066
6,155000,5000,0.968,0.0,0.0,97.01,9.378
6,160000,5000,0.9786,0.0002,0.0,98.04,9.5882
6,165000,5000,0.9638,0.0002,0.0,95.97,9.2301
6,170000,5000,0.9592,0.0,0.0,96.69,9.2567
6,175000,5000,0.9716,0.0004,0.0,98.28,9.5415
6,180000,5000,0.9758,0.0002,0.0,97.24,9.4799
6,185000,5000,0.959,0.0006,0.0,92.79,8.8647
6,190000,5000,0.9592,0.0,0.0,97.09,9.2965
6,195000,5000,0.9716,0.0,0.0,97.97,9.51
6,200000,5000,0.9694,0.0002,0.0,97.92,9.4852
6,205000,5000,0.9772,0.0,0.0,99.24,9.6939
6,210000,5000,0.9718,0.0002,0.0,98.49,9.5642
6,215000,5000,0.9704,0.0,0.0,96.12,9.3135
6,220000,5000,0.9772,0.0,0.0,99.47,9.7171
6,225000,5000,0.9752,0.0,0.0,97.83,9.5328
6,230000,5000,0.9702,0.0002,0.0,97.76,9.4751
6,235000,5000,0.9664,0.0,0.0,97.56,9.4169
6,240000,5000,0.9752,0.0,0.0,98.51,9.6001
6,245000,5000,0.9712,0.0,0.0,98.39,9.7406
6,250000,5000,0.9614,0.0006,0.0,96.25,9.2368
6,255000,5000,0.9704,0.0,0.0,97.04,9.4053
6,260000,5000,0.966,0.0,0.0,97.51,9.4075
6,265000,5000,0.959,0.0002,0.0,97.35,9.3212
6,270000,5000,0.976,0.0,0.0,97.83,9.5402
6,275000,5000,0.9638,0.0006,0.0,94.54,9.0879
6,280000,5000,0.9662,0.0006,0.0,97.42,9.4885
6,285000,5000,0.9492,0.0008,0.0,90.92,8.5794
6,290000,5000,0.9666,0.0006,0.0,95.44,9.2042
6,295000,5000,0.966,0.0,0.0,96.42,9.299
6,300000,5000,0.9682,0.0002,0.0,97.45,9.4242
7,5000,5000,0.179,0.0096,0.0,1.53,-8.1395
7,10000,5000,0.2552,0.01,0.0,2.06,-7.3165
7,15000,5000,0.4258,0.0072,0.0,4.86,-5.313
7,20000,5000,0.6366,0.007,0.0,12.08,-2.4625
7,25000,5000,0.809,0.0066,0.0,26.34,0.7051
7,30000,5000,0.8838,0.0034,0.0,51.91,4.017
7,35000,5000,0.916,0.0028,0.0,67.87,5.9386
7,40000,5000,0.9492,0.0012,0.0,80.67,7.6041
7,45000,5000,0.9566,0.0006,0.0,91.01,8.6741
7,50000,5000,0.9616,0.0004,0.0,91.07,8.7193
7,55000,5000,0.9748,0.0,0.0,95.11,9.2561
7,60000,5000,0.9624,0.0004,0.0,92.91,8.9113
7,65000,5000,0.9624,0.0,0.0,97.16,9.3362
7,70000,5000,0.9632,0.0,0.0,94.94,9.1227
7,75000,5000,0.9806,0.0002,0.0,98.67,9.671
7,80000,5000,0.9762,0.0002,0.0,96.39,9.4029
7,85000,5000,0.9694,0.0002,0.0,95.44,9.2348
7,90000,5000,0.9738,0.0006,0.0,96.39,9.3743
7,95000,5000,0.9776,0.0,0.0,97.47,9.5211
7,100000,5000,0.9724,0.0,0.0,97.97,9.5178
7,105000,5000,0.9676,0.0,0.0,96.7,9.3632
7,110000,5000,0.9706,0.0002,0.0,96.2,9.3234
7,115000,5000,0.973,0.0002,0.0,97.91,9.6686
7,120000,5000,0.9648,0.0,0.0,97.48,9.4634
7,125000,5000,0.9714,0.0002,0.0,97.05,9.4159
7,130000,5000,0.9592,0.0004,0.0,96.54,9.2422
7,135000,5000,0.9774,0.0002,0.0,98.72,9.644
7,140000,5000,0.9776,0.0,0.0,99.56,9.7293
7,145000,5000,0.9614,0.0002,0.0,95.3,9.1403
7,150000,5000,0.9626,0.0006,0.0,97.28,9.3527
7,155000,5000,0.9868,0.0,0.0,98.14,9.6808
7,160000,5000,0.97,0.0,0.0,98.2,9.6891
7,165000,5000,0.968,0.0,0.0,97.99,9.4757
7,170000,5000,0.9642,0.0006,0.0,95.91,9.227
7,175000,5000,0.9816,0.0,0.0,98.36,9.65
7,180000,5000,0.9784,0.0,0.0,98.52,9.818
7,185000,5000,0.9752,0.0,0.0,98.22,9.5714
7,190000,5000,0.9824,0.0,0.0,99.68,9.8316
7,195000,5000,0.9672,0.0,0.0,95.96,9.2645
7,200000,5000,0.9728,0.0,0.0,98.56,9.5812
7,205000,5000,0.9552,0.0,0.0,94.17,8.9645
7,210000,5000,0.9712,0.0,0.0,96.91,9.3978
7,215000,5000,0.9564,0.0,0.0,96.05,9.1648
7,220000,5000,0.9752,0.0,0.0,99.29,9.6785
7,225000,5000,0.9812,0.0,0.0,98.14,9.6248
7,230000,5000,0.9484,0.0004,0.0,96.81,9.1599
7,235000,5000,0.9768,0.0,0.0,97.79,9.5443
7,240000,5000,0.9722,0.0002,0.0,97.81,9.6199
7,245000,5000,0.9612,0.0,0.0,96.83,9.3
7,250000,5000,0.9704,0.0008,0.0,96.61,9.3623
7,255000,5000,0.9688,0.0,0.0,97.99,9.4847
7,260000,5000,0.9676,0.0004,0.0,97.88,9.4607
7,265000,5000,0.9596,0.0,0.0,95.99,9.1908
7,270000,5000,0.9648,0.0004,0.0,96.52,9.297
7,275000,5000,0.9576,0.0,0.0,96.5,9.2218
7,280000,5000,0.9698,0.0002,0.0,96.64,9.3764
7,285000,5000,0.9768,0.0,0.0,98.3,9.5958
7,290000,5000,0.9824,0.0,0.0,100.0,9.8223
7,295000,5000,0.9746,0.0002,0.0,98.11,9.554
7,300000,5000,0.972,0.0,0.0,97.86,9.5127
8,5000,5000,0.2048,0.0094,0.0,1.62,-7.8697
8,10000,5000,0.2678,0.0108,0.0,2.27,-7.1685
8,15000,5000,0.471,0.0066,0.0,5.37,-4.8057
8,20000,5000,0.6576,0.0076,0.0,17.1,-1.748
8,25000,5000,0.8254,0.0018,0.0,37.35,1.9712
8,30000,5000,0.891,0.0022,0.0,59.87,4.8856
8,35000,5000,0.9212,0.002,0.0,69.51,6.155
8,40000,5000,0.9348,0.0016,0.0,76.12,6.9536
8,45000,5000,0.9416,0.0004,0.0,80.19,7.4291
8,50000,5000,0.9518,0.0006,0.0,83.37,7.8503
8,55000,5000,0.9472,0.0004,0.0,88.16,8.2823
8,60000,5000,0.9542,0.0006,0.0,91.99,8.7462
8,65000,5000,0.9442,0.0002,0.0,90.33,8.4697
8,70000,5000,0.978,0.0,0.0,96.94,9.4723
8,75000,5000,0.9694,0.0002,0.0,95.73,9.2636
8,80000,5000,0.9606,0.0006,0.0,93.08,8.9104
8,85000,5000,0.9674,0.0002,0.0,96.35,9.3131
8,90000,5000,0.9798,0.0002,0.0,97.86,9.5815
8,95000,5000,0.9796,0.0,0.0,99.55,9.8998
8,100000,5000,0.9732,0.0004,0.0,96.19,9.3485
8,105000,5000,0.977,0.0002,0.0,98.98,9.6653
8,110000,5000,0.9772,0.0,0.0,99.15,9.6849
8,115000,5000,0.9712,0.0,0.0,96.87,9.4037
8,120000,5000,0.9722,0.0002,0.0,98.59,9.5784
8,125000,5000,0.973,0.0002,0.0,97.7,9.497
8,130000,5000,0.9776,0.0004,0.0,98.49,9.623
8,135000,5000,0.976,0.0,0.0,99.07,9.747
8,140000,5000,0.9718,0.0002,0.0,98.35,9.6715
8,145000,5000,0.9682,0.0002,0.0,97.52,9.519
8,150000,5000,0.9582,0.0002,0.0,95.34,9.1122
8,155000,5000,0.9692,0.0,0.0,97.91,9.4802
8,160000,5000,0.9804,0.0,0.0,98.39,9.6816
8,165000,5000,0.9706,0.0002,0.0,97.51,9.4545
8,170000,5000,0.9626,0.0002,0.0,97.42,9.3638
8,175000,5000,0.969,0.0002,0.0,96.43,9.3295
8,180000,5000,0.9698,0.0002,0.0,98.2,9.8102
8,185000,5000,0.9686,0.0002,0.0,98.11,9.4935
8,190000,5000,0.9834,0.0002,0.0,98.67,9.6989
8,195000,5000,0.9702,0.0002,0.0,97.29,9.428
8,200000,5000,0.9706,0.0002,0.0,96.17,9.3883
8,205000,5000,0.976,0.0,0.0,98.43,9.6009
8,210000,5000,0.9714,0.0002,0.0,98.33,9.5424
8,215000,5000,0.9768,0.0,0.0,98.6,9.8054
8,220000,5000,0.9676,0.0,0.0,96.23,9.2959
8,225000,5000,0.9724,0.0,0.0,97.14,9.4352
8,230000,5000,0.9738,0.0002,0.0,97.14,9.5252
8,235000,5000,0.9718,0.0002,0.0,96.4,9.3555
8,240000,5000,0.974,0.0,0.0,98.66,9.6032
8,245000,5000,0.971,0.0002,0.0,98.27,9.5338
8,250000,5000,0.9716,0.0,0.0,97.9,9.5033
8,255000,5000,0.974,0.0,0.0,98.12,9.549
8,260000,5000,0.9664,0.0,0.0,97.0,9.3602
8,265000,5000,0.9658,0.0002,0.0,95.47,9.2014
8,270000,5000,0.9732,0.0,0.0,97.67,9.4963
8,275000,5000,0.9622,0.0002,0.0,95.36,9.1543
8,280000,5000,0.9634,0.0,0.0,97.34,9.364
8,285000,5000,0.9726,0.0,0.0,97.62,9.59
8,290000,5000,0.9662,0.0002,0.0,96.42,9.301
8,295000,5000,0.9724,0.0,0.0,98.45,9.5664
8,300000,5000,0.9716,0.0,0.0,97.25,9.5131
9,5000,5000,0.192,0.0072,0.0,1.56,-8.0047
9,10000,5000,0.298,0.0066,0.0,2.64,-6.8259
9,15000,5000,0.5172,0.0074,0.0,7.16,-4.1599
9,20000,5000,0.6594,0.0026,0.0,19.25,-1.5147
9,25000,5000,0.8068,0.0016,0.0,35.89,1.6401
9,30000,5000,0.9098,0.0014,0.0,63.55,5.4436
9,35000,5000,0.9462,0.0002,0.0,79.65,7.4216
9,40000,5000,0.9502,0.0006,0.0,88.21,8.3178
9,45000,5000,0.955,0.0006,0.0,89.48,8.4937
9,50000,5000,0.9562,0.0002,0.0,92.18,8.9032
9,55000,5000,0.9748,0.0,0.0,95.89,9.3348
9,60000,5000,0.9582,0.0,0.0,94.98,9.2481
9,65000,5000,0.9628,0.0002,0.0,93.38,8.9619
9,70000,5000,0.9688,0.0004,0.0,94.77,9.1619
9,75000,5000,0.9482,0.0002,0.0,93.32,8.8088
9,80000,5000,0.968,0.0,0.0,93.62,9.0703
9,85000,5000,0.9702,0.0004,0.0,93.91,9.0902
9,90000,5000,0.974,0.0002,0.0,92.03,8.9406
9,95000,5000,0.9672,0.0,0.0,95.25,9.303
9,100000,5000,0.9634,0.0006,0.0,93.93,9.0476
9,105000,5000,0.9486,0.0002,0.0,93.11,8.7915
9,110000,5000,0.9626,0.0002,0.0,95.23,9.145
9,115000,5000,0.9598,0.0002,0.0,95.55,9.1473
9,120000,5000,0.9754,0.0002,0.0,97.3,9.4862
9,125000,5000,0.967,0.0004,0.0,95.23,9.1897
9,130000,5000,0.9578,0.0,0.0,95.03,9.0771
9,135000,5000,0.9716,0.0,0.0,98.41,9.5542
9,140000,5000,0.9644,0.0008,0.0,92.47,8.8873
9,145000,5000,0.9638,0.0006,0.0,95.95,9.229
9,150000,5000,0.9586,0.0002,0.0,95.38,9.1195
9,155000,5000,0.9616,0.0,0.0,95.81,9.1933
9,160000,5000,0.961,0.0006,0.0,96.75,9.2853
9,165000,5000,0.9572,0.0004,0.0,96.74,9.2422
9,170000,5000,0.9756,0.0,0.0,96.77,9.601
9,175000,5000,0.968,0.0,0.0,97.1,9.4287
9,180000,5000,0.9728,0.0004,0.0,97.56,9.4812
9,185000,5000,0.9694,0.0002,0.0,97.02,9.4684
9,190000,5000,0.959,0.0002,0.0,94.84,9.0958
9,195000,5000,0.9538,0.0002,0.0,92.07,8.8776
9,200000,5000,0.9658,0.0002,0.0,96.18,9.2731
9,205000,5000,0.9762,0.0002,0.0,97.64,9.5239
9,210000,5000,0.963,0.0002,0.0,95.45,9.1712
9,215000,5000,0.96,0.0,0.0,94.21,9.0172
9,220000,5000,0.9556,0.0004,0.0,94.76,9.0278
9,225000,5000,0.9636,0.0004,0.0,96.34,9.4387
9,230000,5000,0.9726,0.0002,0.0,97.95,9.5647
9,235000,5000,0.952,0.0,0.0,96.22,9.1368
9,240000,5000,0.9744,0.0,0.0,98.31,9.572
9,245000,5000,0.9584,0.0,0.0,96.83,9.2624
9,250000,5000,0.972,0.0,0.0,96.83,9.4004
9,255000,5000,0.9636,0.0,0.0,96.99,9.3311
9,260000,5000,0.9674,0.0002,0.0,97.18,9.3889
9,265000,5000,0.9624,0.0,0.0,94.53,9.1721
9,270000,5000,0.94,0.0,0.0,92.58,8.8402
9,275000,5000,0.9796,0.0,0.0,98.62,9.6565
9,280000,5000,0.9716,0.0,0.0,97.71,9.4843
9,285000,5000,0.9616,0.0,0.0,96.8,9.2925
9,290000,5000,0.9556,0.0,0.0,95.03,9.0542
9,295000,5000,0.9732,0.0,0.0,97.34,9.4634
9,300000,5000,0.9534,0.0002,0.0,96.99,9.2286
10,5000,5000,0.1852,0.0068,0.0,1.57,-8.0724
10,10000,5000,0.2132,0.0076,0.0,1.75,-7.7721
10,15000,5000,0.3746,0.0062,0.0,4.6,-5.8566
10,20000,5000,0.5526,0.0048,0.0,9.06,-3.6132
10,25000,5000,0.7542,0.002,0.0,30.78,0.5953
10,30000,5000,0.8642,0.0022,0.0,51.85,3.813
10,35000,5000,0.899,0.001,0.0,59.75,5.0523
10,40000,5000,0.9368,0.0008,0.0,73.61,6.7228
10,45000,5000,0.95,0.0008,0.0,79.67,7.4618
10,50000,5000,0.9522,0.0002,0.0,83.83,7.9002
10,55000,5000,0.9526,0.0002,0.0,88.08,8.3296
10,60000,5000,0.954,0.0,0.0,86.4,8.1859
10,65000,5000,0.9624,0.0004,0.0,92.36,8.8558
10,70000,5000,0.9706,0.0006,0.0,92.85,8.9921
10,75000,5000,0.9506,0.0006,0.0,89.64,8.4655
10,80000,5000,0.9438,0.0002,0.0,87.88,8.2206
10,85000,5000,0.9518,0.0006,0.0,89.73,8.4862
10,90000,5000,0.9556,0.0,0.0,91.37,8.6884
10,95000,5000,0.9602,0.0002,0.0,91.11,8.7091
10,100000,5000,0.9642,0.0002,0.0,95.0,9.1387
10,105000,5000,0.9616,0.0006,0.0,90.9,8.8547
10,110000,5000,0.974,0.0002,0.0,92.4,8.9776
10,115000,5000,0.9628,0.0004,0.0,94.45,9.0697
10,120000,5000,0.9704,0.0,0.0,94.94,9.1951
10,125000,5000,0.9764,0.0004,0.0,97.59,9.5206
10,130000,5000,0.9804,0.0,0.0,97.67,9.5686
10,135000,5000,0.9556,0.0,0.0,91.58,8.7491
10,140000,5000,0.9604,0.0,0.0,96.41,9.2391
10,145000,5000,0.9622,0.0002,0.0,96.46,9.2639
10,150000,5000,0.9708,0.0,0.0,94.79,9.1842
10,155000,5000,0.9626,0.0002,0.0,95.44,9.1893
10,160000,5000,0.9472,0.0,0.0,95.27,8.9941
10,165000,5000,0.9684,0.0,0.0,98.08,9.4889
10,170000,5000,0.962,0.0004,0.0,94.21,9.0375
10,175000,5000,0.9632,0.0,0.0,93.1,8.938
10,180000,5000,0.957,0.0002,0.0,94.8,9.0457
10,185000,5000,0.9748,0.0,0.0,97.71,9.5168
10,190000,5000,0.9632,0.0,0.0,95.61,9.1889
10,195000,5000,0.9692,0.0,0.0,97.57,9.4463
10,200000,5000,0.9752,0.0,0.0,95.61,9.3105
10,205000,5000,0.9738,0.0002,0.0,98.03,9.6286
10,210000,5000,0.9688,0.0,0.0,98.01,9.5103
10,215000,5000,0.9628,0.0,0.0,95.63,9.1878
10,220000,5000,0.9744,0.0,0.0,98.71,9.6125
10,225000,5000,0.965,0.0002,0.0,95.76,9.3281
10,230000,5000,0.9672,0.0,0.0,96.38,9.3072
10,235000,5000,0.9644,0.0,0.0,95.98,9.2385
10,240000,5000,0.9772,0.0,0.0,99.37,9.7063
10,245000,5000,0.9562,0.0002,0.0,95.57,9.1142
10,250000,5000,0.9754,0.0002,0.0,99.02,9.6538
10,255000,5000,0.9748,0.0,0.0,97.37,9.4824
10,260000,5000,0.9764,0.0,0.0,99.12,9.6738
10,265000,5000,0.9576,0.0,0.0,96.52,9.224
10,270000,5000,0.9806,0.0002,0.0,98.6,9.6643
10,275000,5000,0.9672,0.0004,0.0,97.52,9.4207
10,280000,5000,0.961,0.0002,0.0,97.42,9.3479
10,285000,5000,0.9684,0.0,0.0,97.53,9.4336
10,290000,5000,0.9736,0.0,0.0,97.88,9.5209
10,295000,5000,0.9648,0.0,0.0,96.58,9.3025
10,300000,5000,0.9604,0.0,0.0,94.66,9.0656
11,5000,5000,0.1916,0.0058,0.0,1.55,-8.01
11,10000,5000,0.2116,0.0078,0.0,1.77,-7.7858
11,15000,5000,0.4266,0.005,0.0,4.87,-5.3043
11,20000,5000,0.5842,0.0046,0.0,9.71,-3.2287
11,25000,5000,0.7544,0.0028,0.0,26.52,0.1714
11,30000,5000,0.8518,0.0018,0.0,48.16,3.3403
11,35000,5000,0.9146,0.0014,0.0,63.39,5.4761
11,40000,5000,0.8978,0.0002,0.0,71.97,6.174
11,45000,5000,0.9366,0.0002,0.0,78.62,7.3914
11,50000,5000,0.926,0.0004,0.0,80.38,7.2967
11,55000,5000,0.9582,0.001,0.0,81.88,7.7659
11,60000,5000,0.9662,0.0006,0.0,86.48,8.3071
11,65000,5000,0.9504,0.0004,0.0,89.59,8.4585
11,70000,5000,0.966,0.0004,0.0,90.54,8.7107
11,75000,5000,0.9436,0.0004,0.0,89.14,8.3426
11,80000,5000,0.9608,0.0,0.0,90.64,8.6683
11,85000,5000,0.9514,0.0002,0.0,90.33,8.5457
11,90000,5000,0.9574,0.0002,0.0,91.93,8.7652
11,95000,5000,0.9478,0.0002,0.0,90.23,8.5724
11,100000,5000,0.9508,0.0,0.0,92.75,9.0293
11,105000,5000,0.9534,0.0002,0.0,95.76,9.1049
11,110000,5000,0.9512,0.0004,0.0,92.02,8.7087
11,115000,5000,0.9508,0.0,0.0,91.96,8.8022
11,120000,5000,0.9596,0.0004,0.0,93.74,9.0246
11,125000,5000,0.9578,0.0002,0.0,94.36,9.0097
11,130000,5000,0.967,0.0002,0.0,93.6,9.0263
11,135000,5000,0.9578,0.0002,0.0,91.8,8.7533
11,140000,5000,0.9596,0.0004,0.0,93.24,8.9165
11,145000,5000,0.9754,0.0002,0.0,97.63,9.5144
11,150000,5000,0.9456,0.0,0.0,93.74,8.8243
11,155000,5000,0.955,0.0002,0.0,96.86,9.231
11,160000,5000,0.959,0.0002,0.0,94.93,9.1382
11,165000,5000,0.966,0.0,0.0,97.45,9.4019
11,170000,5000,0.9546,0.0002,0.0,94.42,8.9834
11,175000,5000,0.9784,0.0,0.0,98.41,9.6227
11,180000,5000,0.958,0.0004,0.0,96.39,9.2146
11,185000,5000,0.9632,0.0,0.0,95.84,9.2128
11,190000,5000,0.9744,0.0,0.0,96.91,9.4324
11,195000,5000,0.9506,0.0002,0.0,93.47,8.8478
11,200000,5000,0.9638,0.0002,0.0,96.44,9.3449
11,205000,5000,0.9676,0.0002,0.0,97.5,9.4232
11,210000,5000,0.9694,0.0004,0.0,97.5,9.4414
11,215000,5000,0.9752,0.0,0.0,96.76,9.426
11,220000,5000,0.9632,0.0,0.0,95.65,9.1934
11,225000,5000,0.9732,0.0,0.0,97.64,9.4937
11,230000,5000,0.9646,0.0002,0.0,95.58,9.2006
11,235000,5000,0.9666,0.0002,0.0,96.78,9.341
11,240000,5000,0.9746,0.0002,0.0,97.85,9.5288
11,245000,5000,0.9576,0.0004,0.0,95.23,9.1559
11,250000,5000,0.9714,0.0002,0.0,96.98,9.4089
11,255000,5000,0.9636,0.0,0.0,94.76,9.1088
11,260000,5000,0.9688,0.0,0.0,97.67,9.4514
11,265000,5000,0.9622,0.0002,0.0,93.92,9.0103
11,270000,5000,0.9548,0.0004,0.0,93.65,8.9843
11,275000,5000,0.9656,0.0004,0.0,94.14,9.0664
11,280000,5000,0.967,0.0002,0.0,96.05,9.272
11,285000,5000,0.9646,0.0002,0.0,93.99,9.0412
11,290000,5000,0.963,0.0002,0.0,97.33,9.359
11,295000,5000,0.9746,0.0002,0.0,97.57,9.5002
11,300000,5000,0.9566,0.0002,0.0,95.24,9.0834
12,5000,5000,0.189,0.005,0.0,1.62,-8.0288
12,10000,5000,0.3022,0.005,0.0,2.56,-6.792
12,15000,5000,0.4562,0.0038,0.0,6.4,-4.852
12,20000,5000,0.5956,0.0036,0.0,14.51,-2.6339
12,25000,5000,0.8144,0.0012,0.0,37.12,1.8379
12,30000,5000,0.8666,0.0006,0.0,58.32,4.4846
12,35000,5000,0.8798,0.0006,0.0,65.56,5.3417
12,40000,5000,0.9262,0.0002,0.0,78.75,7.1292
12,45000,5000,0.9564,0.0004,0.0,92.8,8.8401
12,50000,5000,0.9438,0.0006,0.0,85.93,8.0251
12,55000,5000,0.9556,0.0004,0.0,88.52,8.4011
12,60000,5000,0.9734,0.0002,0.0,93.67,9.0987
12,65000,5000,0.966,0.0,0.0,94.97,9.1535
12,70000,5000,0.9686,0.0002,0.0,92.74,9.1342
12,75000,5000,0.9754,0.0002,0.0,96.39,9.3908
12,80000,5000,0.9698,0.0002,0.0,95.28,9.279
12,85000,5000,0.9704,0.0,0.0,94.02,9.1039
12,90000,5000,0.962,0.0004,0.0,92.5,8.8665
12,95000,5000,0.9762,0.0002,0.0,96.93,9.4529
12,100000,5000,0.961,0.0002,0.0,93.86,8.9919
12,105000,5000,0.9404,0.0,0.0,92.85,8.6897
12,110000,5000,0.9686,0.0002,0.0,96.26,9.309
12,115000,5000,0.9678,0.0002,0.0,93.09,9.0312
12,120000,5000,0.9574,0.0002,0.0,95.75,9.1449
12,125000,5000,0.9506,0.0002,0.0,94.46,8.9472
12,130000,5000,0.9756,0.0,0.0,98.09,9.5623
12,135000,5000,0.972,0.0,0.0,96.38,9.3979
12,140000,5000,0.974,0.0,0.0,98.38,9.5756
12,145000,5000,0.9714,0.0002,0.0,97.98,9.5095
12,150000,5000,0.9594,0.0002,0.0,95.91,9.181
12,155000,5000,0.9604,0.0008,0.0,94.56,9.0565
12,160000,5000,0.97,0.0,0.0,97.89,9.4862
12,165000,5000,0.964,0.0004,0.0,95.46,9.2792
12,170000,5000,0.9716,0.0004,0.0,96.08,9.324
12,175000,5000,0.9748,0.0,0.0,98.04,9.5496
12,180000,5000,0.9688,0.0,0.0,97.87,9.4714
12,185000,5000,0.9706,0.0002,0.0,98.16,9.5186
12,190000,5000,0.9788,0.0,0.0,99.59,9.7444
12,195000,5000,0.9712,0.0,0.0,97.6,9.4692
12,200000,5000,0.9624,0.0,0.0,97.45,9.3649
12,205000,5000,0.97,0.0,0.0,97.56,9.4526
12,210000,5000,0.9638,0.0002,0.0,97.42,9.3767
12,215000,5000,0.9686,0.0002,0.0,97.46,9.4284
12,220000,5000,0.9664,0.0,0.0,97.6,9.4202
12,225000,5000,0.9742,0.0002,0.0,93.73,9.1128
12,230000,5000,0.9764,0.0,0.0,98.23,9.5869
12,235000,5000,0.9812,0.0,0.0,97.45,9.5555
12,240000,5000,0.9684,0.0004,0.0,95.75,9.2592
12,245000,5000,0.9624,0.0,0.0,95.86,9.206
12,250000,5000,0.978,0.0,0.0,99.28,9.7056
12,255000,5000,0.9632,0.0,0.0,97.18,9.3462
12,260000,5000,0.956,0.0,0.0,96.26,9.1812
12,265000,5000,0.9752,0.0,0.0,98.96,9.6452
12,270000,5000,0.9732,0.0,0.0,97.15,9.5577
12,275000,5000,0.9712,0.0,0.0,98.43,9.6491
12,280000,5000,0.9612,0.0,0.0,96.88,9.2964
12,285000,5000,0.9642,0.0002,0.0,97.24,9.4333
12,290000,5000,0.9752,0.0,0.0,99.28,9.6776
12,295000,5000,0.9652,0.0,0.0,96.0,9.2746
12,300000,5000,0.9748,0.0,0.0,97.87,9.5326
13,5000,5000,0.207,0.0032,0.0,1.67,-7.8427
13,10000,5000,0.253,0.004,0.0,2.04,-7.3403
13,15000,5000,0.4166,0.0032,0.0,5.63,-5.329
13,20000,5000,0.6088,0.0026,0.0,12.74,-2.6768
13,25000,5000,0.8196,0.0012,0.0,40.98,2.276
13,30000,5000,0.8784,0.0004,0.0,63.02,5.0756
13,35000,5000,0.9328,0.0008,0.0,79.63,7.3019
13,40000,5000,0.9508,0.0,0.0,85.82,8.0855
13,45000,5000,0.9478,0.0002,0.0,84.35,7.9079
13,50000,5000,0.9472,0.0,0.0,84.88,8.0305
13,55000,5000,0.9456,0.0,0.0,86.77,8.1274
13,60000,5000,0.9548,0.0002,0.0,89.97,8.5408
13,65000,5000,0.9604,0.0002,0.0,89.53,8.5533
13,70000,5000,0.9646,0.0002,0.0,93.42,8.9841
13,75000,5000,0.9638,0.0002,0.0,93.33,9.0398
13,80000,5000,0.9536,0.0,0.0,90.33,8.5647
13,85000,5000,0.96,0.0,0.0,95.68,9.1643
13,90000,5000,0.9616,0.0,0.0,93.66,8.9784
13,95000,5000,0.9634,0.0002,0.0,94.58,9.0885
13,100000,5000,0.9594,0.0002,0.0,94.96,9.1457
13,105000,5000,0.9654,0.0002,0.0,96.82,9.3328
13,110000,5000,0.9808,0.0004,0.0,97.45,9.9048
13,115000,5000,0.9636,0.0,0.0,97.16,9.3468
13,120000,5000,0.9582,0.0002,0.0,95.73,9.1508
13,125000,5000,0.9606,0.0002,0.0,91.03,8.7051
13,130000,5000,0.9602,0.0002,0.0,92.9,8.8883
13,135000,5000,0.9488,0.0,0.0,92.43,8.726
13,140000,5000,0.9406,0.0002,0.0,93.61,8.765
13,145000,5000,0.963,0.0002,0.0,96.26,9.2525
13,150000,5000,0.9696,0.0,0.0,95.62,9.2545
13,155000,5000,0.9728,0.0,0.0,97.65,9.49
13,160000,5000,0.9724,0.0,0.0,96.48,9.3691
13,165000,5000,0.9702,0.0002,0.0,98.0,9.4994
13,170000,5000,0.9584,0.0,0.0,95.88,9.1683
13,175000,5000,0.9752,0.0,0.0,96.07,9.3565
13,180000,5000,0.9668,0.0,0.0,94.76,9.1402
13,185000,5000,0.9624,0.0,0.0,96.08,9.2284
13,190000,5000,0.9508,0.0,0.0,92.29,8.7321
13,195000,5000,0.95,0.0,0.0,94.08,8.9029
13,200000,5000,0.9648,0.0004,0.0,95.86,9.2306
13,205000,5000,0.978,0.0,0.0,95.35,9.319
13,210000,5000,0.9728,0.0,0.0,98.44,9.5689
13,215000,5000,0.9688,0.0,0.0,97.44,9.4289
13,220000,5000,0.9576,0.0,0.0,95.11,9.0826
13,225000,5000,0.966,0.0,0.0,95.88,9.2448
13,230000,5000,0.9796,0.0,0.0,98.18,9.6121
13,235000,5000,0.955,0.0002,0.0,95.07,9.0522
13,240000,5000,0.9646,0.0002,0.0,94.86,9.1286
13,245000,5000,0.974,0.0,0.0,95.65,9.3027
13,250000,5000,0.9684,0.0,0.0,97.56,9.4366
13,255000,5000,0.961,0.0002,0.0,96.5,9.2565
13,260000,5000,0.976,0.0,0.0,95.46,9.3033
13,265000,5000,0.9762,0.0002,0.0,96.78,9.4372
13,270000,5000,0.9724,0.0,0.0,96.2,9.341
13,275000,5000,0.9622,0.0002,0.0,93.55,8.9731
13,280000,5000,0.96,0.0,0.0,95.06,9.1024
13,285000,5000,0.9564,0.0004,0.0,96.5,9.2099
13,290000,5000,0.9674,0.0002,0.0,97.51,9.4213
13,295000,5000,0.9588,0.0,0.0,96.27,9.2106
13,300000,5000,0.9632,0.0,0.0,95.8,9.2086
14,5000,5000,0.1728,0.0044,0.0,1.51,-8.204
14,10000,5000,0.2682,0.0044,0.0,2.34,-7.1572
14,15000,5000,0.4338,0.0024,0.0,4.53,-5.2657
14,20000,5000,0.5958,0.0026,0.0,12.39,-2.8432
14,25000,5000,0.7284,0.0016,0.0,23.24,-0.4189
14,30000,5000,0.8188,0.0004,0.0,43.19,2.4891
14,35000,5000,0.8826,0.0006,0.0,52.18,4.0328
14,40000,5000,0.9316,0.0004,0.0,74.33,6.7637
14,45000,5000,0.9164,0.0004,0.0,73.02,6.4586
14,50000,5000,0.9412,0.0,0.0,78.96,7.3022
14,55000,5000,0.9616,0.0,0.0,85.19,8.1312
14,60000,5000,0.9538,0.0002,0.0,88.3,8.3632
14,65000,5000,0.9436,0.0,0.0,81.12,7.5428
14,70000,5000,0.9426,0.0002,0.0,87.79,8.3267
14,75000,5000,0.9646,0.0002,0.0,90.4,8.6821
14,80000,5000,0.9508,0.0,0.0,94.25,8.9722
14,85000,5000,0.967,0.0002,0.0,96.09,9.2983
14,90000,5000,0.9692,0.0,0.0,93.49,9.0375
14,95000,5000,0.9706,0.0002,0.0,98.02,9.5366
14,100000,5000,0.9522,0.0002,0.0,91.42,8.6881
14,105000,5000,0.976,0.0,0.0,96.74,9.5095
14,110000,5000,0.9528,0.0,0.0,95.59,9.0825
14,115000,5000,0.9762,0.0002,0.0,97.39,9.5509
14,120000,5000,0.9556,0.0008,0.0,96.54,9.6515
14,125000,5000,0.9696,0.0,0.0,97.38,9.4392
14,130000,5000,0.9566,0.0002,0.0,96.04,9.3209
14,135000,5000,0.9636,0.0,0.0,97.44,9.6105
14,140000,5000,0.9624,0.0,0.0,95.76,9.2386
14,145000,5000,0.9738,0.0002,0.0,98.66,9.6017
14,150000,5000,0.9764,0.0,0.0,97.49,9.5105
14,155000,5000,0.9602,0.0002,0.0,97.14,9.3124
14,160000,5000,0.9684,0.0,0.0,96.12,9.2927
14,165000,5000,0.9648,0.0,0.0,97.48,9.392
14,170000,5000,0.9662,0.0002,0.0,97.61,9.4197
14,175000,5000,0.9596,0.0,0.0,94.93,9.0852
14,180000,5000,0.9682,0.0002,0.0,97.92,9.4705
14,185000,5000,0.9512,0.0,0.0,95.88,9.0948
14,190000,5000,0.9784,0.0,0.0,98.6,9.6949
14,195000,5000,0.9628,0.0004,0.0,96.89,9.3131
14,200000,5000,0.9732,0.0,0.0,98.38,9.5671
14,205000,5000,0.97,0.0,0.0,98.19,9.5161
14,210000,5000,0.9664,0.0,0.0,96.51,9.3112
14,215000,5000,0.9688,0.0,0.0,96.47,9.3322
14,220000,5000,0.9812,0.0,0.0,99.42,9.9948
14,225000,5000,0.9612,0.0,0.0,95.86,9.207
14,230000,5000,0.9728,0.0,0.0,97.63,9.4882
14,235000,5000,0.9584,0.0,0.0,96.96,9.2736
14,240000,5000,0.969,0.0002,0.0,97.67,9.5978
14,245000,5000,0.9782,0.0,0.0,98.6,9.6399
14,250000,5000,0.9722,0.0,0.0,96.61,9.3798
14,255000,5000,0.9636,0.0,0.0,96.04,9.2367
14,260000,5000,0.961,0.0002,0.0,96.93,9.3795
14,265000,5000,0.9672,0.0,0.0,97.06,9.3873
14,270000,5000,0.964,0.0,0.0,95.8,9.2146
14,275000,5000,0.9658,0.0002,0.0,96.27,9.2793
14,280000,5000,0.9604,0.0,0.0,97.01,9.3714
14,285000,5000,0.9682,0.0002,0.0,97.52,9.4307
14,290000,5000,0.976,0.0,0.0,96.85,9.4429
14,295000,5000,0.9762,0.0002,0.0,98.72,9.6318
14,300000,5000,0.9812,0.0,0.0,96.64,9.472
15,5000,5000,0.192,0.0032,0.0,1.59,-8.0013
15,10000,5000,0.2426,0.0032,0.0,1.95,-7.455
15,15000,5000,0.453,0.0008,0.0,5.61,-4.9639
15,20000,5000,0.6062,0.001,0.0,12.83,-2.6947
15,25000,5000,0.7284,0.0008,0.0,22.23,-0.5203
15,30000,5000,0.8126,0.001,0.0,35.96,1.7028
15,35000,5000,0.8748,0.0008,0.0,58.18,4.5538
15,40000,5000,0.928,0.0,0.0,67.75,6.0472
15,45000,5000,0.9546,0.0002,0.0,81.57,7.6989
15,50000,5000,0.9496,0.0,0.0,90.64,8.5532
15,55000,5000,0.9608,0.0,0.0,91.35,8.7392
15,60000,5000,0.9696,0.0,0.0,91.22,8.8149
15,65000,5000,0.9766,0.0002,0.0,95.86,9.3492
15,70000,5000,0.9672,0.0,0.0,95.8,9.2486
15,75000,5000,0.9654,0.0002,0.0,95.78,9.2266
15,80000,5000,0.9468,0.0,0.0,90.42,8.505
15,85000,5000,0.9698,0.0002,0.0,96.4,9.3987
15,90000,5000,0.9644,0.0,0.0,95.08,9.1484
15,95000,5000,0.9698,0.0002,0.0,93.19,9.0726
15,100000,5000,0.9676,0.0,0.0,96.42,9.3144
15,105000,5000,0.9656,0.0,0.0,92.4,8.8944
15,110000,5000,0.9618,0.0002,0.0,93.4,8.9538
15,115000,5000,0.9608,0.0,0.0,95.37,9.1411
15,120000,5000,0.9636,0.0,0.0,96.18,9.4361
15,125000,5000,0.9642,0.0,0.0,95.23,9.161
15,130000,5000,0.966,0.0002,0.0,92.15,8.8742
15,135000,5000,0.9694,0.0006,0.0,96.0,9.3801
15,140000,5000,0.9588,0.0,0.0,93.2,8.9115
15,145000,5000,0.9694,0.0,0.0,97.89,9.6321
15,150000,5000,0.9674,0.0,0.0,96.3,9.4857
15,155000,5000,0.9688,0.0,0.0,98.15,9.5002
15,160000,5000,0.9684,0.0,0.0,97.32,9.4132
15,165000,5000,0.9686,0.0002,0.0,97.6,9.4425
15,170000,5000,0.9652,0.0,0.0,97.48,9.3961
15,175000,5000,0.9644,0.0,0.0,94.71,9.1115
15,180000,5000,0.9658,0.0002,0.0,93.53,9.1094
15,185000,5000,0.9672,0.0004,0.0,93.93,9.0613
15,190000,5000,0.9712,0.0,0.0,95.38,9.2471
15,195000,5000,0.9714,0.0002,0.0,96.15,9.3261
15,200000,5000,0.9604,0.0,0.0,91.45,8.7452
15,205000,5000,0.9616,0.0,0.0,95.86,9.1978
15,210000,5000,0.9596,0.0008,0.0,90.62,8.6544
15,215000,5000,0.9694,0.0002,0.0,94.14,9.1052
15,220000,5000,0.9568,0.0004,0.0,95.14,9.0775
15,225000,5000,0.9576,0.0,0.0,93.86,8.9577
15,230000,5000,0.9656,0.0,0.0,96.17,9.3042
15,235000,5000,0.976,0.0,0.0,96.95,9.4522
15,240000,5000,0.9618,0.0002,0.0,95.46,9.2062
15,245000,5000,0.9772,0.0,0.0,98.42,9.6119
15,250000,5000,0.973,0.0002,0.0,96.76,9.4065
15,255000,5000,0.9768,0.0,0.0,95.47,9.3145
15,260000,5000,0.97,0.0,0.0,97.58,9.4545
15,265000,5000,0.9752,0.0,0.0,95.6,9.309
15,270000,5000,0.9664,0.0,0.0,93.14,8.9752
15,275000,5000,0.9758,0.0,0.0,97.16,9.4718
15,280000,5000,0.9746,0.0,0.0,96.62,9.4056
15,285000,5000,0.9788,0.0,0.0,99.22,9.7347
15,290000,5000,0.962,0.0,0.0,96.55,9.2714
15,295000,5000,0.9744,0.0,0.0,97.12,9.4516
15,300000,5000,0.9788,0.0,0.0,99.34,9.7203
16,5000,5000,0.1866,0.0036,0.0,1.56,-8.0596
16,10000,5000,0.2612,0.0032,0.0,2.41,-7.2206
16,15000,5000,0.4686,0.0016,0.0,6.55,-4.7119
16,20000,5000,0.6086,0.0022,0.0,10.6,-2.8933
16,25000,5000,0.7754,0.0002,0.0,27.81,0.5122
16,30000,5000,0.858,0.0004,0.0,49.31,3.4978
16,35000,5000,0.8986,0.0002,0.0,65.66,5.542
16,40000,5000,0.9178,0.001,0.0,72.91,6.4609
16,45000,5000,0.9386,0.0002,0.0,83.72,7.7974
16,50000,5000,0.9362,0.0002,0.0,82.31,7.5862
16,55000,5000,0.9664,0.0,0.0,89.91,8.6952
16,60000,5000,0.952,0.0,0.0,89.9,8.5048
16,65000,5000,0.9462,0.0002,0.0,86.37,8.0941
16,70000,5000,0.9426,0.0002,0.0,92.67,8.6875
16,75000,5000,0.967,0.0002,0.0,93.69,9.2323
16,80000,5000,0.961,0.0002,0.0,91.17,8.7234
16,85000,5000,0.9644,0.0,0.0,95.61,9.2013
16,90000,5000,0.9772,0.0,0.0,96.83,9.4522
16,95000,5000,0.9698,0.0002,0.0,97.71,9.4662
16,100000,5000,0.9772,0.0,0.0,98.63,9.6331
16,105000,5000,0.9574,0.0002,0.0,95.01,9.0744
16,110000,5000,0.969,0.0002,0.0,97.55,9.4425
16,115000,5000,0.9742,0.0002,0.0,97.05,9.5345
16,120000,5000,0.9654,0.0002,0.0,94.71,9.2071
16,125000,5000,0.9712,0.0,0.0,97.06,9.4146
16,130000,5000,0.9784,0.0,0.0,98.5,9.6316
16,135000,5000,0.9778,0.0002,0.0,98.56,9.6318
16,140000,5000,0.983,0.0002,0.0,98.8,9.708
16,145000,5000,0.9766,0.0006,0.0,98.03,9.5662
16,150000,5000,0.9784,0.0008,0.0,98.53,9.6348
16,155000,5000,0.9678,0.0002,0.0,97.83,9.458
16,160000,5000,0.9664,0.0,0.0,97.56,9.4162
16,165000,5000,0.9672,0.0,0.0,97.8,9.4488
16,170000,5000,0.9686,0.0002,0.0,98.05,9.4877
16,175000,5000,0.9796,0.0,0.0,99.01,9.6948
16,180000,5000,0.9702,0.0002,0.0,96.61,9.3603
16,185000,5000,0.9694,0.0002,0.0,98.14,9.5044
16,190000,5000,0.9732,0.0,0.0,98.47,9.5767
16,195000,5000,0.972,0.0,0.0,97.72,9.4888
16,200000,5000,0.9588,0.0004,0.0,94.94,9.0779
16,205000,5000,0.9732,0.0004,0.0,98.13,9.5419
16,210000,5000,0.9684,0.0,0.0,97.86,9.4671
16,215000,5000,0.9752,0.0,0.0,98.86,9.6354
16,220000,5000,0.9724,0.0,0.0,98.76,9.5969
16,225000,5000,0.9728,0.0,0.0,97.66,9.4908
16,230000,5000,0.9772,0.0,0.0,98.39,9.6084
16,235000,5000,0.9562,0.0002,0.0,96.76,9.2338
16,240000,5000,0.9642,0.0002,0.0,97.44,9.3823
16,245000,5000,0.958,0.0,0.0,96.7,9.2456
16,250000,5000,0.9758,0.0002,0.0,97.28,9.4835
16,255000,5000,0.9748,0.0,0.0,98.53,9.5986
16,260000,5000,0.9764,0.0,0.0,99.42,9.7035
16,265000,5000,0.9778,0.0002,0.0,98.0,9.5758
16,270000,5000,0.9648,0.0,0.0,97.29,9.3731
16,275000,5000,0.9696,0.0,0.0,97.42,9.4345
16,280000,5000,0.9702,0.0002,0.0,97.96,9.4953
16,285000,5000,0.962,0.0,0.0,95.86,9.2026
16,290000,5000,0.9622,0.0002,0.0,97.34,9.3522
16,295000,5000,0.9748,0.0,0.0,96.71,9.4168
16,300000,5000,0.9678,0.0002,0.0,95.95,9.2695
17,5000,5000,0.2152,0.0044,0.0,1.68,-7.7587
17,10000,5000,0.271,0.004,0.0,2.31,-7.1323
17,15000,5000,0.3988,0.0022,0.0,4.68,-5.6042
17,20000,5000,0.682,0.0012,0.0,20.42,-1.1697
17,25000,5000,0.7956,0.0004,0.0,32.44,1.1799
17,30000,5000,0.8928,0.0,0.0,58.7,4.787
17,35000,5000,0.942,0.0004,0.0,82.77,7.7426
17,40000,5000,0.9244,0.0004,0.0,75.27,6.7632
17,45000,5000,0.9468,0.0,0.0,86.33,8.0957
17,50000,5000,0.944,0.0004,0.0,89.69,8.4031
17,55000,5000,0.943,0.0006,0.0,88.53,8.2773
17,60000,5000,0.949,0.0002,0.0,90.76,8.6412
17,65000,5000,0.965,0.0002,0.0,95.19,9.1783
17,70000,5000,0.9768,0.0,0.0,94.83,9.2489
17,75000,5000,0.9688,0.0,0.0,94.16,9.101
17,80000,5000,0.972,0.0,0.0,97.77,9.4946
17,85000,5000,0.9474,0.0002,0.0,93.34,8.8025
17,90000,5000,0.9628,0.0,0.0,92.12,8.8363
17,95000,5000,0.9604,0.0,0.0,96.33,9.2333
17,100000,5000,0.9584,0.0004,0.0,90.16,8.5957
17,105000,5000,0.9624,0.0,0.0,97.31,9.3514
17,110000,5000,0.965,0.0002,0.0,94.41,9.0878
17,115000,5000,0.9692,0.0,0.0,96.7,9.3585
17,120000,5000,0.9568,0.0004,0.0,95.92,9.156
17,125000,5000,0.9664,0.0,0.0,96.38,9.3745
17,130000,5000,0.9676,0.0004,0.0,96.07,9.2797
17,135000,5000,0.9688,0.0,0.0,95.62,9.2471
17,140000,5000,0.9708,0.0,0.0,93.32,9.0368
17,145000,5000,0.95,0.0,0.0,91.6,8.7406
17,150000,5000,0.971,0.0002,0.0,97.38,9.4504
17,155000,5000,0.9736,0.0002,0.0,98.64,9.5976
17,160000,5000,0.9764,0.0002,0.0,94.89,9.3034
17,165000,5000,0.9544,0.0,0.0,90.4,8.5823
17,170000,5000,0.9688,0.0,0.0,92.36,8.9204
17,175000,5000,0.9696,0.0,0.0,97.81,9.4743
17,180000,5000,0.968,0.0,0.0,95.49,9.2255
17,185000,5000,0.9732,0.0,0.0,96.29,9.3579
17,190000,5000,0.959,0.0002,0.0,94.05,8.9912
17,195000,5000,0.9692,0.0,0.0,96.94,9.3827
17,200000,5000,0.9704,0.0,0.0,94.94,9.1947
17,205000,5000,0.9646,0.0002,0.0,97.37,9.4225
17,210000,5000,0.98,0.0,0.0,96.16,9.4802
17,215000,5000,0.9764,0.0,0.0,97.72,9.5339
17,220000,5000,0.9802,0.0002,0.0,96.83,9.7013
17,225000,5000,0.9592,0.0,0.0,95.47,9.3123
17,230000,5000,0.9594,0.0002,0.0,96.61,9.2752
17,235000,5000,0.9846,0.0002,0.0,98.51,9.8598
17,240000,5000,0.969,0.0002,0.0,97.17,9.4035
17,245000,5000,0.9758,0.0002,0.0,97.64,9.5196
17,250000,5000,0.9648,0.0,0.0,96.43,9.2878
17,255000,5000,0.9606,0.0002,0.0,96.41,9.2427
17,260000,5000,0.9528,0.0,0.0,93.8,8.903
17,265000,5000,0.9672,0.0,0.0,97.51,9.5133
17,270000,5000,0.9702,0.0002,0.0,97.62,9.4612
17,275000,5000,0.9748,0.0,0.0,98.32,9.6353
17,280000,5000,0.9642,0.0002,0.0,96.02,9.2404
17,285000,5000,0.9676,0.0,0.0,97.17,9.3902
17,290000,5000,0.9784,0.0,0.0,96.52,9.4339
17,295000,5000,0.9566,0.0002,0.0,95.5,9.1118
17,300000,5000,0.9604,0.0,0.0,97.1,9.3096
18,5000,5000,0.2008,0.0034,0.0,1.63,-7.9091
18,10000,5000,0.2554,0.003,0.0,2.21,-7.2999
18,15000,5000,0.425,0.001,0.0,4.73,-5.3347
18,20000,5000,0.7004,0.0014,0.0,16.44,-1.3819
18,25000,5000,0.8576,0.0004,0.0,50.21,3.5824
18,30000,5000,0.916,0.0004,0.0,74.68,6.622
18,35000,5000,0.922,0.0,0.0,78.41,7.0533
18,40000,5000,0.9434,0.0002,0.0,80.27,7.4552
18,45000,5000,0.9612,0.0004,0.0,84.22,8.0298
18,50000,5000,0.962,0.0002,0.0,93.32,8.9484
18,55000,5000,0.961,0.0,0.0,92.03,8.8093
18,60000,5000,0.9706,0.0002,0.0,93.64,9.0667
18,65000,5000,0.9648,0.0,0.0,96.05,9.2496
18,70000,5000,0.9732,0.0004,0.0,96.71,9.4592
18,75000,5000,0.9752,0.0,0.0,96.3,9.3792
18,80000,5000,0.9834,0.0002,0.0,97.85,9.6171
18,85000,5000,0.9772,0.0,0.0,99.44,9.7135
18,90000,5000,0.9496,0.0004,0.0,91.45,8.6374
18,95000,5000,0.982,0.0,0.0,98.16,9.6346
18,100000,5000,0.9684,0.0,0.0,97.91,9.5074
18,105000,5000,0.972,0.0,0.0,98.54,9.5709
18,110000,5000,0.9712,0.0,0.0,98.64,9.5728
18,115000,5000,0.9752,0.0,0.0,97.2,9.47
18,120000,5000,0.98,0.0,0.0,96.93,9.4909
18,125000,5000,0.974,0.0,0.0,97.96,9.5331
18,130000,5000,0.9584,0.0004,0.0,93.97,8.977
18,135000,5000,0.98,0.0,0.0,96.47,9.5566
18,140000,5000,0.97,0.0,0.0,97.83,9.4801
18,145000,5000,0.9742,0.0002,0.0,97.69,9.5081
18,150000,5000,0.9692,0.0,0.0,93.5,9.0392
18,155000,5000,0.9644,0.0004,0.0,95.2,9.16
18,160000,5000,0.9784,0.0,0.0,97.72,9.5543
18,165000,5000,0.9718,0.0002,0.0,94.97,9.2125
18,170000,5000,0.981,0.0002,0.0,99.71,9.7788
18,175000,5000,0.9728,0.0,0.0,97.75,9.4984
18,180000,5000,0.964,0.0,0.0,95.84,9.22
18,185000,5000,0.9618,0.0002,0.0,97.09,9.3232
18,190000,5000,0.9724,0.0004,0.0,98.47,9.5687
18,195000,5000,0.971,0.0002,0.0,95.98,9.3046
18,200000,5000,0.9576,0.0008,0.0,96.07,9.1788
18,205000,5000,0.9696,0.0,0.0,98.38,9.5305
18,210000,5000,0.962,0.0,0.0,95.83,9.3047
18,215000,5000,0.9698,0.0002,0.0,97.54,9.5479
18,220000,5000,0.9648,0.0,0.0,95.2,9.1646
18,225000,5000,0.9718,0.0006,0.0,96.49,9.3647
18,230000,5000,0.9484,0.0,0.0,93.51,9.0016
18,235000,5000,0.97,0.0,0.0,96.89,9.3862
18,240000,5000,0.968,0.0004,0.0,94.93,9.1702
18,245000,5000,0.9714,0.0002,0.0,97.86,9.5574
18,250000,5000,0.9704,0.0,0.0,96.9,9.3905
18,255000,5000,0.9708,0.0,0.0,98.58,9.5627
18,260000,5000,0.9712,0.0,0.0,97.61,9.4704
18,265000,5000,0.9692,0.0,0.0,93.86,9.0747
18,270000,5000,0.9696,0.0,0.0,93.32,9.0891
18,275000,5000,0.9562,0.0002,0.0,91.69,8.7267
18,280000,5000,0.9712,0.0,0.0,93.71,9.0798
18,285000,5000,0.9682,0.0002,0.0,96.9,9.369
18,290000,5000,0.9602,0.0002,0.0,92.48,8.8459
18,295000,5000,0.9656,0.0,0.0,95.43,9.1951
18,300000,5000,0.9496,0.0,0.0,89.71,8.4618
19,5000,5000,0.2074,0.0026,0.0,1.77,-7.8279
19,10000,5000,0.2368,0.0032,0.0,2.0,-7.5079
19,15000,5000,0.4254,0.001,0.0,4.88,-5.3154
19,20000,5000,0.6112,0.0008,0.0,12.52,-2.6727
19,25000,5000,0.7836,0.0004,0.0,35.94,1.4131
19,30000,5000,0.8514,0.001,0.0,55.77,4.402
19,35000,5000,0.9062,0.0002,0.0,73.0,6.4754
19,40000,5000,0.9448,0.0004,0.0,83.45,8.0409
19,45000,5000,0.9572,0.0,0.0,88.69,8.8278
19,50000,5000,0.9386,0.0002,0.0,88.28,8.5744
19,55000,5000,0.9622,0.0002,0.0,90.78,9.1797
19,60000,5000,0.954,0.0,0.0,87.72,8.9303
19,65000,5000,0.9656,0.0,0.0,92.12,9.4027
19,70000,5000,0.9524,0.0,0.0,91.07,8.7611
19,75000,5000,0.938,0.0,0.0,89.87,8.9498
19,80000,5000,0.9674,0.0002,0.0,94.26,9.9681
19,85000,5000,0.9684,0.0,0.0,95.89,10.4116
19,90000,5000,0.982,0.0,0.0,97.35,10.1423
19,95000,5000,0.9574,0.0002,0.0,93.95,9.2463
19,100000,5000,0.9574,0.0002,0.0,95.66,9.7544
19,105000,5000,0.9708,0.0004,0.0,97.41,9.8542
19,110000,5000,0.955,0.0002,0.0,96.7,9.257
19,115000,5000,0.962,0.0004,0.0,94.04,9.8353
19,120000,5000,0.96,0.0,0.0,94.88,9.5986
19,125000,5000,0.9748,0.0,0.0,98.08,10.0336
19,130000,5000,0.9722,0.0002,0.0,97.93,9.7605
19,135000,5000,0.9794,0.0002,0.0,99.38,10.1966
19,140000,5000,0.9704,0.0004,0.0,97.14,10.1973
19,145000,5000,0.9764,0.0008,0.0,98.58,10.5149
19,150000,5000,0.976,0.0,0.0,98.13,10.6315
19,155000,5000,0.9588,0.0,0.0,97.05,9.5838
19,160000,5000,0.9606,0.0002,0.0,97.26,9.7414
19,165000,5000,0.9848,0.0,0.0,99.1,10.2295
19,170000,5000,0.978,0.0,0.0,99.57,10.2699
19,175000,5000,0.9764,0.0,0.0,97.95,10.0797
19,180000,5000,0.9682,0.0002,0.0,97.35,9.6969
19,185000,5000,0.9724,0.0,0.0,98.25,10.0475
19,190000,5000,0.9752,0.0,0.0,98.99,9.9796
19,195000,5000,0.9746,0.0004,0.0,98.54,10.2839
19,200000,5000,0.9696,0.0002,0.0,96.99,9.8276
19,205000,5000,0.9696,0.0,0.0,97.48,10.0114
19,210000,5000,0.9762,0.0002,0.0,98.25,9.8701
19,215000,5000,0.9748,0.0,0.0,97.73,9.813
19,220000,5000,0.9752,0.0,0.0,98.27,9.8213
19,225000,5000,0.9824,0.0,0.0,98.27,9.9827
19,230000,5000,0.9646,0.0002,0.0,97.28,9.8765
19,235000,5000,0.974,0.0,0.0,97.82,10.4741
19,240000,5000,0.9788,0.0,0.0,98.68,9.9639
19,245000,5000,0.9632,0.0,0.0,97.04,9.7472
19,250000,5000,0.9708,0.0,0.0,96.97,9.9513
19,255000,5000,0.9712,0.0,0.0,97.59,9.9041
19,260000,5000,0.9692,0.0,0.0,96.6,10.1793
19,265000,5000,0.9712,0.0,0.0,97.13,9.8107
19,270000,5000,0.9664,0.0,0.0,96.92,9.6162
19,275000,5000,0.9752,0.0,0.0,96.19,9.7876
19,280000,5000,0.9594,0.0002,0.0,96.49,9.8364
19,285000,5000,0.9548,0.0,0.0,93.84,9.7977
19,290000,5000,0.9582,0.0002,0.0,95.74,9.4037
19,295000,5000,0.9604,0.0,0.0,96.14,9.5217
19,300000,5000,0.9654,0.0002,0.0,96.73,10.244
